sistema,precision_10,recall_10,map_10,ndcg_10,coverage
Popularidad,0.057,0.022508278616351095,0.08977579365079365,0.0484169858597534,0.059453032104637336
